Name	pos	xa_final	xi_final
1	2846635	G	C
2	2873040	C	T
3	2879754	T	C
4	2879854	T	A
5	2882583	T	G
6	2882636	G	A
7	2882959	A	G
8	2882985	A	T
9	2883114	A	C
10	2883117	G	A
11	2884141	A	C
12	2904903	C	T
13	2929092	A	G
14	2929116	C	G
15	2930368	T	C
16	2952412	T	C
17	2952970	C	G
18	3609611	T	C
19	3812303	T	C
20	3814793	C	T
21	3820114	A	G
22	3821036	A	G
23	3821545	G	A
24	3821686	T	C
25	5889136	A	G
26	5890820	G	A
27	5892533	C	T
28	5894771	G	T
29	5901495	G	T
30	5956654	G	A
31	5972043	C	T
32	5980549	G	A
33	5980793	A	C
34	5992947	T	A
35	5993701	C	A
36	5995721	A	G
37	5995925	G	A
38	5998718	A	G
39	6134440	C	T
40	6140364	C	G
41	6208755	A	G
42	6213459	G	C
43	6214943	G	A
44	6215083	T	G
45	6215419	C	T
46	6216391	T	A
47	6216662	A	G
48	6216794	A	C
49	6217421	C	T
50	6217830	G	A
51	6217939	C	T
52	6217964	C	T
53	6218096	C	T
54	6218105	G	A
55	6218197	A	G
56	6218556	C	T
57	6218927	T	C
58	6218955	C	G
59	6219644	C	T
60	6220309	A	G
61	6221656	T	C
62	6221741	C	T
63	6221785	C	T
64	6224327	G	C
65	6225641	C	A
66	6226256	T	C
67	6227814	G	C
68	6229847	G	A
69	7049925	A	C
70	7351441	C	T
71	7927807	A	G
72	7928235	G	C
73	8588658	T	C
74	8589568	T	C
75	8590058	T	G
76	8596677	C	G
77	8598882	C	T
78	8604595	C	T
79	8607048	C	T
80	8607087	G	A
81	8607630	A	G
82	8608606	A	G
83	8608708	G	A
84	8608825	C	T
85	8610762	T	G
86	8613811	G	A
87	8613824	C	T
88	8613891	T	C
89	8614007	A	G
90	8614032	A	G
91	8614037	C	T
92	8614645	T	C
93	8616188	C	T
94	8616207	T	G
95	8616427	T	G
96	8617157	T	C
97	8617324	C	T
98	8635688	A	G
99	8636790	A	G
100	8639324	A	G
101	8667195	A	G
102	8673275	T	A
103	8673571	T	C
104	8674031	G	C
105	8674355	G	T
106	8678442	T	C
107	8681355	A	C
108	8681356	T	A
109	8681367	T	G
110	8690806	A	G
111	8692772	C	T
112	8693489	T	C
113	8704204	T	C
114	8722576	C	T
115	8723047	T	C
116	8723461	C	A
117	8723470	C	A
118	8724000	G	A
119	8725192	T	C
120	8728342	C	T
121	8728875	G	A
122	8732127	A	C
123	9466768	A	G
124	9503211	A	G
125	9503243	A	C
126	9503282	T	G
127	9503348	T	C
128	9503397	C	T
129	9504762	A	G
130	9504917	G	A
131	9505565	G	A
132	9505681	G	A
133	9506956	C	A
134	9516407	T	C
135	9516427	A	G
136	9659598	G	A
137	9682873	A	T
138	9718147	C	T
139	9755705	C	T
140	9756502	C	T
141	9895209	A	G
142	10020599	C	G
143	10125258	T	C
144	10125438	C	T
145	10125725	G	A
146	10125932	C	A
147	10130290	A	G
148	10131175	G	A
149	10131243	G	A
150	10132212	C	A
151	10132336	G	A
152	10135672	A	C
153	10135687	C	T
154	10136545	G	T
155	10136566	C	T
156	10456471	C	A
157	10490835	C	T
158	10605195	C	T
159	11122997	G	T
160	11766227	G	T
161	11766680	A	G
162	11767314	T	A
163	12792435	G	C
164	12793903	G	A
165	12821207	A	G
166	12821533	T	C
167	12976131	A	G
168	12978193	T	C
169	13702617	G	A
170	13716420	C	T
171	13765790	A	G
172	13767636	C	T
173	13768001	A	C
174	13779144	A	C
175	13854003	T	C
176	13869828	C	T
177	13875199	G	C
178	13886606	A	G
179	13887964	C	A
180	13889651	A	T
181	13892872	G	A
182	13894621	C	T
183	13897124	C	T
184	13899714	A	G
185	13900108	A	G
186	13905557	T	C
187	13906587	A	T
188	13909842	C	A
189	13911752	A	G
190	13911915	C	A
191	13913666	C	T
192	13916345	C	T
193	13921223	C	T
194	13924836	A	G
195	13927676	C	G
196	13928295	C	T
197	13929449	C	G
198	13930608	T	C
199	13931244	T	C
200	13932151	C	A
201	13932736	T	C
202	13933477	T	C
203	13934003	T	A
204	13934005	G	C
205	13934489	G	A
206	13935253	G	C
207	13936914	G	A
208	13937415	G	T
209	14008398	T	C
210	14014175	C	T
211	14017375	A	G
212	14017679	A	C
213	14025023	T	C
214	14025439	C	A
215	14025475	A	T
216	14026123	G	A
217	14026339	G	A
218	14026712	G	A
219	14029715	G	T
220	14845014	A	G
221	15327723	A	G
222	15327865	C	G
223	15327911	C	T
224	15328363	C	T
225	15328823	A	T
226	15330533	T	A
227	15331876	A	G
228	15334052	A	G
229	15450343	C	T
230	15455171	G	T
231	15491565	A	G
232	15491712	T	C
233	15492553	G	T
234	15492732	T	C
235	15492951	T	C
236	15493034	T	C
237	15685387	C	T
238	15702622	G	A
239	15769229	G	A
240	15782628	A	G
241	15784861	T	C
242	15785513	A	G
243	15791941	T	C
244	15799840	A	G
245	15805249	T	A
246	15818525	T	G
247	15820952	A	G
248	15828488	A	G
249	15828929	T	C
250	15829764	A	G
251	15833245	T	C
252	15836396	A	G
253	15836411	G	A
254	15836777	G	C
255	15838464	C	T
256	15842711	T	C
257	15842794	C	T
258	15844544	T	G
259	15845173	T	C
260	15849327	C	T
261	15850182	T	C
262	15851190	C	T
263	15852002	C	A
264	16158835	T	C
265	16385548	G	A
266	16397867	T	C
267	16405957	C	G
268	16408535	T	A
269	16416337	A	G
270	16524304	T	C
271	16536965	A	C
272	16576830	T	C
273	16577187	A	G
274	16578483	A	G
275	16581710	G	A
276	16588148	T	C
277	16589265	T	C
278	16608907	T	G
279	16704620	G	A
280	16705516	G	T
281	16724757	G	A
282	16726898	G	A
283	16755990	A	G
284	16762273	C	T
285	16763373	A	G
286	16763598	A	G
287	16771730	C	T
288	16771805	C	A
289	16785889	T	G
290	16788539	G	A
291	16793113	G	A
292	16832463	A	C
293	16834204	C	A
294	16835995	T	C
295	16842011	C	T
296	16842790	G	A
297	16843370	C	T
298	16843467	A	C
299	16843978	A	G
300	16845466	G	C
301	16846180	A	G
302	16850043	C	T
303	16854935	C	A
304	16862079	T	C
305	16863263	T	C
306	17148672	G	A
307	18028715	G	T
308	18039331	C	G
309	18040414	T	G
310	18040663	A	G
311	18041971	C	T
312	18064399	C	T
313	18083581	C	T
314	18083589	G	A
315	18092127	C	T
316	18092326	T	G
317	18092786	C	G
318	18094795	C	T
319	18102775	T	C
320	18103107	G	A
321	18104363	G	A
322	18104660	C	A
323	18630909	T	C
324	19354443	C	G
325	19913162	A	C
326	19952620	T	C
327	20152712	A	C
328	21497898	C	T
329	21654295	C	A
330	21949456	G	A
331	22946921	A	G
332	22947000	A	C
333	23335701	T	G
334	23338015	T	A
335	23338026	A	G
336	23341678	G	C
337	23380097	C	T
338	23384879	C	A
339	23394819	C	T
340	23397679	C	A
341	23416808	T	C
342	23588687	A	G
343	23602031	G	A
344	23605522	C	A
345	23612296	C	T
346	23622962	C	T
347	23627054	A	C
348	23630503	A	G
349	23783194	T	C
350	23784589	G	T
351	23784590	G	T
352	23784591	C	T
353	23986503	T	C
354	23986969	T	C
355	23987112	A	G
356	24214987	G	T
357	24523767	A	G
358	24536766	G	C
359	24540054	A	T
360	24540144	C	G
361	24540633	G	A
362	24541034	C	T
363	24545983	T	C
364	24547012	G	A
365	24548307	C	A
366	24548718	G	A
367	24549602	G	C
368	24550436	A	C
369	24559474	A	T
370	24560189	A	G
371	24562059	C	T
372	24638658	G	A
373	24647156	G	A
374	24719648	G	A
375	24752486	G	A
376	24807076	A	C
377	24826121	T	G
378	24945164	A	G
379	24996667	A	G
380	25029576	T	C
381	25029585	C	T
382	25029784	T	A
383	31120472	C	T
384	38127584	C	T
385	38317008	C	A
386	38688054	C	A
387	38688608	G	A
388	38688829	G	A
389	38801836	C	G
390	38802863	C	T
391	40067137	G	A
392	40067689	G	A
393	40069130	C	A
394	40073654	C	T
395	40089826	T	C
396	40165742	C	T
397	40627249	T	G
398	40635590	T	C
399	40650141	G	A
400	40669574	C	A
401	40687130	A	G
402	40710641	T	C
403	40721391	G	T
404	41195669	T	C
405	41337164	C	T
406	41338289	A	C
407	41338449	C	T
408	41339462	T	C
409	41339955	G	C
410	41340373	G	T
411	41340559	C	T
412	41341905	C	G
413	41342906	G	A
414	41343476	G	T
415	41343866	G	A
416	41344423	T	G
417	41344625	G	A
418	41344665	T	C
419	41344803	A	G
420	41351003	G	A
421	41515144	A	G
422	41515270	C	T
423	41515876	T	C
424	41516748	C	T
425	41518611	C	T
426	41553476	C	T
427	41711430	C	T
428	41720786	T	C
429	41735839	A	G
430	41739762	G	T
431	41739915	A	G
432	41741250	G	A
433	41743697	A	G
434	41759596	A	G
435	41843922	C	A
436	41845631	T	C
437	41848226	G	T
438	41851214	G	T
439	41900862	T	C
440	41902201	G	A
441	41903614	A	G
442	41907175	G	T
443	41908513	C	G
444	41920052	A	G
445	43731789	T	G
446	43744144	C	T
447	43745594	G	A
448	44955021	G	C
449	44959739	A	G
450	44967706	T	A
451	45010298	C	G
452	45013340	C	A
453	45018134	A	T
454	45035611	G	A
455	45093955	C	A
456	45745347	G	A
457	45745361	C	T
458	45746704	C	G
459	45747602	G	C
460	45747640	T	C
461	45747784	G	A
462	45749091	A	G
463	45750106	T	C
464	45751126	A	G
465	45751470	C	T
466	45754964	C	T
467	45756757	A	T
468	45760710	G	C
469	45760762	C	T
470	45762069	A	G
471	45771538	G	A
472	45772296	G	A
473	45773413	G	A
474	45773659	T	C
475	45774780	C	T
476	45774892	G	A
477	45775174	C	A
478	45788519	C	G
479	45788539	A	G
480	45791536	T	A
481	45795562	T	A
482	45798161	G	C
483	45798415	C	T
484	45798824	T	C
485	45799685	A	G
486	45803629	G	A
487	46603601	G	A
488	46604151	A	G
489	47229341	C	G
490	47512851	T	C
491	47633816	G	T
492	47655674	A	G
493	47655859	T	C
494	47803573	G	T
495	47803801	A	G
496	47915200	T	C
497	48523057	A	G
498	48559811	T	C
499	48579289	G	A
500	48832245	T	C
501	48894188	G	A
502	48943903	T	C
503	48991085	T	C
504	49030563	T	C
505	49273885	G	A
506	49882364	G	A
507	50098362	C	T
508	51743563	T	C
509	51804246	T	C
510	51810177	C	G
511	51812555	G	A
512	51867873	G	A
513	51868840	A	G
514	51875887	G	A
515	51883438	G	A
516	53152016	G	A
517	53380007	A	G
518	53406445	C	A
519	53422619	G	A
520	53430674	T	C
521	53535692	G	C
522	53543227	G	T
523	53572153	A	G
524	53575030	A	C
525	53595118	A	T
526	53614686	T	C
527	53630078	A	G
528	53632095	C	T
529	53635874	T	C
530	53640682	C	T
531	53640923	G	A
532	53643890	C	A
533	53655094	G	A
534	53655388	C	G
535	53663038	G	A
536	53807792	C	T
537	54071487	A	G
538	55008441	T	C
539	55717852	C	G
540	55722387	G	A
541	55724414	T	A
542	55910455	G	A
543	56730342	T	C
544	56730492	T	C
545	56734913	C	A
546	56735489	C	G
547	56736201	C	T
548	56817338	G	A
549	56983273	G	A
550	56983705	C	T
551	56990286	A	G
552	56993429	A	G
553	56993458	T	G
554	57083053	C	G
555	57083597	C	T
556	57084335	C	T
557	57084384	T	C
558	57086278	C	A
559	57089706	G	T
560	57099795	C	G
561	57100194	G	A
562	57100211	C	G
563	57103188	A	G
564	57103526	G	A
565	57104167	C	T
566	57107420	C	A
567	57108152	G	A
568	57112156	C	T
569	57114592	C	G
570	57116441	C	T
571	57121511	T	G
572	57198267	G	A
573	57286924	C	T
574	57392766	C	T
575	57393245	C	A
576	57393339	C	T
577	57393376	G	A
578	57394129	A	G
579	57394767	G	A
580	57394875	G	A
581	57399938	G	A
582	57489006	T	C
583	66164321	T	C
584	66166827	A	T
585	66167425	A	G
586	66168715	T	A
587	66168743	G	A
588	66168836	T	C
589	66170088	C	T
590	66170090	A	G
591	66171124	A	C
592	66172339	C	T
593	66175033	C	G
594	66190609	C	T
595	66191685	T	C
596	66194139	T	A
597	66207282	G	A
598	66210439	T	G
599	66219179	G	A
600	66219622	T	C
601	66222349	C	T
602	66258503	G	A
603	66258737	T	C
604	66260500	A	G
605	66262269	T	G
606	66263010	G	A
607	66263326	G	A
608	66266330	C	T
609	66594730	C	G
610	66595017	C	T
611	66595749	T	C
612	66595975	G	A
613	66597680	A	G
614	66597898	A	C
615	66601323	A	C
616	66603359	T	C
617	66605144	C	T
618	67545785	A	G
619	67557224	A	G
620	68043451	A	G
621	68043637	C	T
622	68505474	A	T
623	69662907	C	A
624	69662973	T	C
625	69713206	T	G
626	69747753	G	A
627	70038665	G	T
628	70292720	G	T
629	70352882	A	G
630	70459357	T	A
631	70478873	C	T
632	70489119	G	A
633	70494634	A	G
634	70499725	C	T
635	70504881	G	T
636	70926548	G	A
637	71401566	G	A
638	71432350	T	C
639	71464719	T	A
640	71534684	A	G
641	71543734	A	G
642	71567076	A	G
643	71911844	G	A
644	71918800	A	G
645	71919684	T	C
646	72128987	A	G
647	72129293	C	A
648	72129924	C	T
649	72140250	C	T
650	72144214	A	G
651	72145745	C	T
652	72148094	T	A
653	72203709	G	A
654	72204868	G	A
655	72273841	T	C
656	72275494	T	C
657	72329662	C	G
658	73683411	T	C
659	73844076	T	C
660	74226619	C	T
661	74250399	T	C
662	74273957	G	A
663	76190229	G	A
664	78749272	A	T
665	78749278	A	G
666	78749337	T	A
667	78756798	T	A
668	78757082	A	T
669	78757296	A	G
670	78757397	T	C
671	78758076	C	T
672	79360867	G	A
673	79360874	T	G
674	80574749	C	T
675	81278934	A	G
676	81280839	A	T
677	81281182	C	T
678	81281991	A	G
679	81282002	A	G
680	81283736	A	G
681	81284919	C	T
682	81284926	T	C
683	81291927	A	C
684	81294571	G	A
685	81297730	C	T
686	84060958	C	T
687	84062952	C	T
688	84065009	T	C
689	84119458	A	G
690	84149008	A	G
691	84149393	T	C
692	84151917	T	A
693	84152012	T	C
694	84155305	G	A
695	84155868	C	T
696	84182136	G	A
697	84183684	T	C
698	84187177	T	C
699	85861890	T	C
700	85889325	T	A
701	85901906	T	C
702	85902198	G	A
703	85904738	T	C
704	85904759	A	G
705	85906017	A	G
706	85906860	G	A
707	85907024	G	C
708	85907356	A	G
709	85907957	G	A
710	85908053	G	C
711	85908871	G	T
712	85909159	C	T
713	85948032	C	T
714	85964016	T	C
715	85978133	T	C
716	85978256	T	G
717	85986232	G	C
718	85992334	A	G
719	85998298	C	T
720	85999341	G	A
721	86002051	T	G
722	86004576	T	C
723	86005347	T	A
724	86006491	T	C
725	86037656	C	T
726	86043001	G	C
727	86045973	A	G
728	86046776	A	G
729	86085043	T	C
730	86085171	C	T
731	86085510	G	A
732	86832382	A	T
733	92100830	A	G
734	93672635	G	C
735	94651419	T	A
736	94689199	T	C
737	94691857	T	G
738	94749507	T	C
739	94749659	T	C
740	94755363	G	A
741	94762610	G	A
742	94766768	C	T
743	94774694	G	A
744	94784737	G	T
745	94786562	T	C
746	94791817	G	A
747	94888365	T	C
748	94982579	T	G
749	95973277	G	A
750	95974284	G	C
751	97265543	G	A
752	97325244	G	T
753	97326955	G	A
754	97329528	A	G
755	97357669	C	T
756	97440099	C	T
757	97454196	C	T
758	97458415	A	G
759	97458427	A	G
760	98582223	A	T
761	98582224	G	T
762	98582225	A	T
763	98585192	C	T
764	98603081	C	A
765	98611604	G	C
766	98617491	T	C
767	98657756	T	A
768	98708884	C	G
769	98776546	A	G
770	98811545	T	C
771	98833979	T	C
772	98837138	C	G
773	98839675	G	A
774	98843040	G	A
775	98843217	A	G
776	98843488	G	C
777	98845685	G	C
778	98846052	C	A
779	98846228	A	G
780	98847339	G	T
781	98849955	T	C
782	98851031	A	G
783	98851054	T	C
784	98852233	C	T
785	98852380	T	C
786	98852697	A	G
787	98853226	G	T
788	98853881	A	G
789	98853897	T	G
790	98854050	G	T
791	98854469	C	A
792	98855026	T	G
793	98855228	T	C
794	98856836	C	T
795	98857052	C	T
796	98859356	C	T
797	98862540	C	G
798	98887482	A	G
799	98889020	A	G
800	98889790	A	G
801	98892710	C	A
802	98911480	T	C
803	98912809	T	A
804	98914239	T	C
805	98918069	G	A
806	98919133	G	A
807	98923383	G	T
808	98923553	G	A
809	98926615	C	T
810	98933587	A	G
811	98940068	G	A
812	98941208	C	A
813	98941592	G	T
814	98942545	G	C
815	98968616	C	T
816	98982029	G	A
817	99021930	G	A
818	100627202	T	C
819	100627546	C	G
820	100629831	G	A
821	100635207	T	C
822	100826925	G	A
823	100827467	T	G
824	100829697	A	G
825	101010563	A	T
826	101628205	A	T
827	101657790	A	G
828	101658212	G	A
829	101886821	G	A
830	101931399	G	T
831	102837663	G	A
832	102839580	C	T
833	102855603	C	T
834	102855623	T	G
835	103064128	C	G
836	103309655	A	G
837	103466033	G	T
838	103474920	G	A
839	103479175	T	C
840	103479565	G	A
841	103480988	C	A
842	103491481	T	C
843	103495961	A	G
844	103500623	A	T
845	103587113	C	T
846	103681578	A	G
847	103683247	T	C
848	103683890	T	C
849	103687738	A	G
850	103743035	T	C
851	103746984	C	G
852	103750739	G	A
853	103750791	C	G
854	103750886	A	T
855	103751670	C	G
856	103751788	C	T
857	103752268	A	G
858	103752650	G	A
859	103755181	C	G
860	103756538	G	A
861	103756687	C	A
862	103757643	C	A
863	103758876	G	A
864	103758924	T	A
865	103759505	T	C
866	103762145	G	T
867	103762441	C	T
868	103789001	G	A
869	103919050	A	C
870	104130345	T	G
871	104169095	A	G
872	107065063	G	A
873	107066353	T	C
874	107068340	A	T
875	107080661	A	T
876	107083890	C	T
877	107085394	G	A
878	107087477	T	C
879	107087743	A	G
880	107088152	C	T
881	107116856	C	A
882	107123872	G	A
883	107131657	A	G
884	107132065	A	G
885	107153225	A	G
886	107352903	C	G
887	107961394	T	C
888	107974142	C	A
889	107987185	T	G
890	108160506	C	T
891	108174500	A	G
892	108210397	T	C
893	108210465	C	T
894	108212537	G	T
895	108268200	C	T
896	108268476	A	G
897	108434996	A	T
898	108435115	T	G
899	108440298	C	T
900	108440530	C	G
901	108442312	G	C
902	108449075	C	T
903	108565539	G	A
904	108568274	C	A
905	108586543	T	C
906	108598325	C	A
907	108606106	T	C
908	108608687	G	A
909	108616226	T	G
910	108617645	C	T
911	108619214	C	T
912	108620913	A	C
913	108669458	C	A
914	108720948	T	C
915	108721448	A	G
916	108724817	T	C
917	108727639	G	A
918	108733710	C	G
919	108735112	A	T
920	108735113	T	C
921	108736207	A	G
922	108736245	A	G
923	108736282	T	C
924	108737653	G	A
925	109693682	T	G
926	111123532	T	A
927	111124349	C	G
928	111126481	A	G
929	111128085	A	G
930	111128224	T	C
931	111695535	C	A
932	111703416	T	C
933	111713267	G	T
934	111760130	T	C
935	113663168	T	C
936	113663315	A	T
937	113691419	C	T
938	113692187	G	A
939	113698901	T	G
940	113770101	T	G
941	113842318	C	T
942	113876353	T	C
943	113889142	T	C
944	113890712	G	A
945	113891046	A	C
946	113891633	A	T
947	113896500	A	G
948	113897130	A	G
949	113897816	G	C
950	113900438	A	T
951	113903477	G	A
952	113905353	G	A
953	113905609	C	T
954	113908556	C	T
955	113908725	A	G
956	113909578	C	T
957	113910686	A	T
958	113911695	G	C
959	113914442	A	G
960	113916674	C	T
961	113918473	T	C
962	113918631	A	G
963	113922422	C	T
964	113925230	C	G
965	113927609	G	A
966	113928474	C	T
967	113929190	G	T
968	113930186	G	C
969	113932520	G	A
970	113933106	G	C
971	113937449	G	A
972	113938649	A	G
973	113948243	C	T
974	113948668	G	T
975	113949926	T	A
976	113950554	C	T
977	113951411	A	C
978	113954140	A	G
979	113955842	T	G
980	113957252	A	C
981	113957423	G	T
982	113957991	G	C
983	113961722	C	A
984	113975087	G	A
985	113975997	T	C
986	113985413	G	C
987	113986027	C	G
988	113988247	C	T
989	113991162	G	A
990	114038415	G	A
991	114038789	G	A
992	114040477	G	A
993	114043804	T	C
994	114043865	T	C
995	114044438	G	T
996	114044613	G	A
997	114045447	A	G
998	114045669	G	C
999	114045851	C	A
1000	114045962	G	A
1001	114046717	C	T
1002	114046803	G	A
1003	114047434	G	T
1004	114047567	G	A
1005	114048623	A	G
1006	114049595	C	T
1007	114049646	G	A
1008	114050662	C	A
1009	114050909	C	T
1010	114051154	C	T
1011	114140910	A	G
1012	114467857	T	C
1013	115561214	G	C
1014	115564587	G	A
1015	115571858	C	T
1016	115576564	A	T
1017	115890886	G	A
1018	115891466	C	T
1019	115893651	G	C
1020	115894452	G	T
1021	115894691	C	T
1022	115895792	G	T
1023	115896175	A	T
1024	115897907	G	A
1025	115899992	T	C
1026	115900762	G	A
1027	115901375	A	G
1028	115902678	C	T
1029	115902924	T	C
1030	115904555	G	A
1031	115905612	C	A
1032	115908387	A	G
1033	115908913	G	C
1034	115909413	C	G
1035	115909460	C	A
1036	115909533	G	C
1037	115909577	C	T
1038	115910347	G	C
1039	115912621	A	G
1040	115913132	T	G
1041	115914701	C	T
1042	115914775	T	C
1043	115914966	G	A
1044	115917741	G	A
1045	115918257	C	T
1046	115918588	C	A
1047	115919117	T	G
1048	115920340	A	C
1049	115920524	G	C
1050	115920575	G	A
1051	115920833	A	C
1052	115921039	G	A
1053	115921592	C	T
1054	115922452	A	T
1055	115922553	T	C
1056	115923448	T	C
1057	115923554	C	T
1058	115923613	G	C
1059	115923717	C	T
1060	115924124	T	C
1061	115925075	A	G
1062	115926007	T	C
1063	115926363	T	A
1064	115927621	C	A
1065	115928990	A	C
1066	115929111	A	G
1067	115930302	A	G
1068	115930633	G	A
1069	115931314	T	C
1070	115931494	G	A
1071	115931540	A	G
1072	115932114	A	T
1073	115932438	T	C
1074	115932739	G	T
1075	115943704	C	A
1076	115945073	G	A
1077	115949885	G	A
1078	115958985	C	T
1079	115962912	G	A
1080	116748166	T	C
1081	116807112	T	C
1082	116809827	T	C
1083	116811186	T	C
1084	116811201	T	C
1085	118346197	T	C
1086	118347856	A	G
1087	118348018	T	A
1088	118355816	T	C
1089	118358097	A	G
1090	118359504	A	T
1091	118370100	A	T
1092	118385619	G	A
1093	118389161	C	G
1094	118394093	G	A
1095	118394179	C	T
1096	118410267	A	G
1097	118417301	A	G
1098	118443811	C	G
1099	118443819	T	C
1100	119453358	G	A
1101	119453410	T	C
1102	119467946	C	T
1103	119468259	G	C
1104	119758925	C	G
1105	119759091	A	C
1106	119759174	C	T
1107	119759450	C	T
1108	119781316	A	G
1109	119786043	C	T
1110	119786846	T	C
1111	119786942	C	G
1112	119787567	C	A
1113	119787630	C	T
1114	119787708	T	C
1115	119787774	C	G
1116	119788389	G	A
1117	119788472	A	G
1118	119788780	T	A
1119	119788809	A	G
1120	119788935	T	C
1121	119789552	A	G
1122	119789561	A	C
1123	119791218	A	C
1124	119791487	G	A
1125	119791742	T	C
1126	119829539	C	A
1127	119834106	C	T
1128	119834228	T	C
1129	119843064	A	T
1130	119851635	C	T
1131	119922366	C	T
1132	120211321	C	A
1133	120213436	G	A
1134	120218273	G	A
1135	120229647	T	C
1136	120229650	C	T
1137	120230024	G	A
1138	120239947	T	C
1139	120256111	C	T
1140	120260342	T	C
1141	120614835	A	G
1142	120624876	C	T
1143	120624955	A	G
1144	120624963	T	G
1145	121047787	G	A
1146	122223034	G	A
1147	122223233	A	G
1148	122227713	C	A
1149	122228088	C	T
1150	122228614	G	A
1151	122230746	T	G
1152	122230786	A	G
1153	122231141	A	T
1154	122232047	G	T
1155	122232055	A	G
1156	122232357	T	C
1157	122232424	C	A
1158	122232670	G	C
1159	122232718	A	T
1160	122232776	G	A
1161	122232831	T	A
1162	122232854	A	T
1163	122232885	C	T
1164	122233069	A	G
1165	122233137	C	G
1166	122233151	G	A
1167	122233223	T	C
1168	122233235	T	C
1169	122233446	T	A
1170	122233460	A	G
1171	122233574	G	A
1172	122233705	C	T
1173	122233709	C	T
1174	122233715	C	T
1175	122233763	A	G
1176	122233942	A	G
1177	122234318	T	C
1178	122234737	G	A
1179	122235009	G	A
1180	122235018	C	T
1181	122235197	C	T
1182	122235288	A	G
1183	122235448	A	C
1184	122235528	G	T
1185	122235588	T	G
1186	122235789	T	C
1187	122236178	T	C
1188	122236185	G	C
1189	122236294	C	G
1190	122236704	T	C
1191	122237003	C	T
1192	122237511	G	A
1193	122237514	T	C
1194	122238121	C	T
1195	122238259	A	T
1196	122238381	C	T
1197	122238581	T	A
1198	122238594	C	A
1199	122239387	A	G
1200	122239407	C	T
1201	122239531	C	T
1202	122241657	C	G
1203	122242122	T	C
1204	122242389	A	G
1205	122242489	G	C
1206	122242855	A	T
1207	122243904	T	C
1208	122244214	C	T
1209	122244220	T	C
1210	122244398	G	T
1211	122244686	C	T
1212	122245466	G	A
1213	122245625	C	T
1214	122247030	A	T
1215	122247768	C	G
1216	122247948	A	G
1217	123117384	C	G
1218	123204564	A	G
1219	123607084	A	G
1220	123631072	C	G
1221	123676461	T	C
1222	123960644	G	A
1223	123960952	A	G
1224	123985726	G	A
1225	124046410	A	C
1226	124562237	C	T
1227	126272629	C	A
1228	129110240	C	T
1229	129112241	G	A
1230	129113821	G	T
1231	129114110	A	G
1232	129114149	G	A
1233	129123858	C	T
1234	129142704	C	T
1235	129142900	T	G
1236	129143673	C	T
1237	129144629	T	C
1238	129145832	T	C
1239	129145943	T	C
1240	129146660	C	A
1241	129448917	T	C
1242	129462301	A	G
1243	129805719	T	C
1244	130203580	A	G
1245	130203857	T	C
1246	130204792	A	G
1247	130206335	C	G
1248	130211626	C	G
1249	130214284	T	C
1250	130215321	G	T
1251	130227467	G	A
1252	130238330	T	G
1253	130267428	G	A
1254	130268028	G	A
1255	131276991	G	A
1256	131706068	G	A
1257	131720377	A	C
1258	131722912	G	C
1259	131723169	G	A
1260	131725381	C	T
1261	131728427	T	G
1262	131730401	T	A
1263	131730789	G	A
1264	131734588	T	C
1265	131737005	A	T
1266	131737199	T	C
1267	131737707	T	C
1268	131741908	C	A
1269	131747942	A	G
1270	131752600	G	T
1271	131771581	C	T
1272	131772649	T	C
1273	131772795	G	A
1274	131772992	T	G
1275	131776705	C	G
1276	131780890	C	T
1277	131782135	G	A
1278	131782510	T	C
1279	131786011	G	A
1280	131787824	A	C
1281	131789084	A	G
1282	131791050	G	T
1283	131792229	C	T
1284	131795275	C	T
1285	131797719	C	T
1286	131798579	A	G
1287	131804698	C	T
1288	131804957	C	T
1289	131805825	T	C
1290	131808152	C	T
1291	131809185	T	C
1292	131809937	T	A
1293	131811446	T	C
1294	131815793	C	T
1295	131815799	C	T
1296	131817645	G	A
1297	131817773	C	G
1298	131819001	C	G
1299	131822191	C	G
1300	131823302	G	A
1301	131824146	T	C
1302	131824755	C	T
1303	131824969	A	G
1304	131828027	A	G
1305	131829979	G	A
1306	132055741	C	T
1307	132626751	T	C
1308	132626837	A	G
1309	133313935	T	C
1310	134169028	A	C
1311	134173290	G	T
1312	134479536	T	C
1313	134666073	C	T
1314	134922500	C	T
1315	134932569	C	T
1316	134933530	T	C
1317	134934798	T	A
1318	134935754	C	T
1319	134938999	G	T
1320	134945872	G	A
1321	134946341	A	C
1322	135020946	G	A
1323	135051967	T	A
1324	135093931	A	G
1325	135094280	C	T
1326	135094828	C	T
1327	135286075	C	G
1328	135286096	G	T
1329	135286291	T	C
1330	135286670	T	C
1331	135336662	C	G
1332	135343688	C	A
1333	135359460	A	G
1334	135424194	T	C
1335	135426135	A	G
1336	135427033	A	G
1337	135582183	G	A
1338	136498293	G	T
1339	136511470	T	C
1340	136847591	G	A
1341	136868060	T	C
1342	136879428	G	T
1343	138249041	C	T
1344	138249161	G	T
1345	138252046	G	A
1346	138666186	T	A
1347	139038355	A	T
1348	139074792	G	A
1349	139122870	T	G
1350	139124309	G	A
1351	139171033	T	C
1352	139179330	G	A
1353	139179542	C	T
1354	139180647	T	C
1355	139182946	T	C
1356	139183931	T	A
1357	139186232	T	G
1358	139192951	C	T
1359	143782236	A	G
1360	143782349	C	T
1361	146620012	G	T
1362	146620061	C	T
1363	147896427	T	C
1364	147913398	G	A
1365	147913441	C	G
1366	147922276	C	T
1367	147937673	G	A
1368	147947783	C	A
1369	147949906	T	A
1370	147950018	C	T
1371	149540994	T	C
1372	149630469	G	A
1373	149937609	A	G
1374	149938169	C	T
1375	150703509	G	A
1376	150764048	C	G
1377	150764230	G	A
1378	150764868	T	C
1379	150766627	C	T
1380	151399030	C	T
1381	151405927	G	A
1382	151407126	C	A
1383	151698372	T	C
1384	151698597	G	C
1385	151956493	T	C
1386	152654676	C	T
1387	152656399	T	G
1388	152660077	C	T
1389	152665398	T	C
1390	152667290	A	G
1391	152667359	G	A
1392	152848710	T	C
1393	152850288	T	G
1394	153058185	T	C
1395	153058775	C	T
1396	153352018	G	A
1397	153504772	G	A
1398	153728061	A	G
1399	153909480	G	T
1400	153931677	T	C
1401	153953975	G	A
1402	154349351	G	A
1403	154485912	C	T
