Name	gene_snp	xi_mean_fraction_pxgl_siScr	dp_mean_pxgl_siScr	xi_mean_fraction_pxgl_siSPEN_1	dp_mean_pxgl_siSPEN_1	pval	sd1	sd2
1	ALG13	0.20906432748538	14	0.310117302052786	23	0.296642659	0.0416858989163253	0.125662048249358
2	BCOR	0.277677223554239	239	0.317608299873702	240	0.147150953	0.0300400823449061	0.00226667077799075
3	CA5BP1-CA5B	0.37027027027027	38	0.492914653784219	47	0.160119228	0.101378374775735	0.0544852440549139
4	CD99L2	0.376377217553688	26	0.387157287157287	24	0.892170271	0.0904030253436977	0.0924486553251544
5	CDK16	0	361	0	411	NA	NA	NA
6	CDKL5	0.467206956288703	52	0.426596886741814	36	0.508782797	0.0244720085683997	0.087167184336428
7	CHIC1	0.0101010101010101	26	0.0606060606060606	21	0.493524799	0.0174954627027159	0.104972776216296
8	CHM	0.350270437604903	26	0.449305555555556	22	0.354470601	0.0521625565516039	0.0911296025608831
9	CTPS2	0.157788410419989	15	0.292034762622998	17	0.31717488	0.13736875837597	0.149993424279561
10	DDX3X	0.417904307608519	40	0.493303294754262	36	0.393648743	0.07459238519392	0.0777037483442452
11	DLG3	0.302090737456947	143	0.386691136702088	136	0.087357075	0.0106089655523687	0.0482999745962603
12	DMD	0.0901270043990351	65	0.0890188434048083	46	0.981794955	0.0567098988753665	0.0550861925644464
13	EDA2R	0.352573933491808	86	0.416881018949984	98	0.381199366	0.0914514570577065	0.0641622083051745
14	EOLA2	0.390382819794585	40	0.453091177868117	35	0.318709283	0.0720331057069222	0.0622024474540579
15	ERCC6L	0.27961943853449	100	0.385185185185185	75	0.199685395	0.040645861201319	0.09958762710925
16	FAAH2	0.0011037527593819	266	0.00345957431612028	279	0.327999457	0.00191175585824379	0.00302029173909029
17	FAM120C	0.524784568852365	56	0.493197278911565	44	0.48766545	0.0320874998197289	0.061507283401446
18	FANCB	0.377095516569201	47	0.421519839817037	44	0.190389767	0.0267609095254074	0.0393061527612209
19	FLNA	0.414623655913978	27	0.318222712959555	27	0.309592978	0.116603570470842	0.0789064948378077
20	FMR1	0.2956770179901	434	0.402216060333803	298	0.016791287	0.0246479228019012	0.0157508882486208
21	GABRQ	0.135130092088056	70	0.275479130446463	88	0.006134112	0.0317253246184445	0.0272442835761319
22	GRIPAP1	0.26184668989547	35	0.372811447811448	28	0.169813222	0.079612531244635	0.0828499653397243
23	GYG2	0.205401352460176	22	0.34239680228305	39	0.108591336	0.0504948805746021	0.0565190345117048
24	HCCS	0.486131037780966	46	0.541241184249192	63	0.207713206	0.0147771540463705	0.0529786503717797
25	HDAC8	0.188076416337286	22	0.353979353979354	19	0.226626781	0.0883066081562502	0.168082722129833
26	HTATSF1	0.319245832135671	139	0.396852627780862	121	0.144008584	0.0594486047234487	0.0166230472433958
27	HUWE1	0.54959915502225	98	0.616146211743477	113	0.098539082	0.0188600549404881	0.042848823559762
28	IGSF1	0.0253920426731487	54	0.0346031746031746	34	0.741856631	0.0134475496819558	0.0410776967841609
29	INTS6L	0.107293818528524	32	0.12501517911354	46	0.652267571	0.0521801187051012	0.0341598455000345
30	KLHL15	0.276787893573665	56	0.410157076290557	57	0.032305994	0.033080884208891	0.0418951946627318
31	LOC389906	0.600399680979728	18	0.595125494896662	21	0.833398164	0.118549788062572	0.0912600228327865
32	MED14	0.340892882613037	47	0.394038423450188	31	0.60387088	0.0766600323965079	0.140252954825855
33	MID1IP1	0.295183832250107	220	0.400165143711935	209	0.051077685	0.0444782052040215	0.0484837454818656
34	MID1IP1-AS1	0.295183832250107	220	0.400165143711935	209	0.051077685	0.0444782052040215	0.0484837454818656
35	MORF4L2	0.357742884510126	28	0.395171436312668	32	0.693168059	0.0839498254851377	0.113055688849418
36	MSL3	0.325857535996855	18	0.334661306042885	17	0.723058678	0.0544979236874777	0.0727111110718786
37	MTMR1	0.391054894583543	28	0.530583905168125	30	0.233433929	0.106497730360343	0.12468472189628
38	NBDY	0.0843512767425811	35	0.0209137709137709	30	0.105233839	0.042192372213543	0.0186254255320544
39	NKAP	0.398717381689518	17	0.489262371615313	14	0.509037742	0.0624969128978449	0.193547761362301
40	NLGN4X	0.170577686202686	24	0.187047328466093	24	0.847330994	0.123852601387165	0.0485452413724377
41	NSDHL	0.31912532412893	54	0.378383838383838	53	0.136110652	0.0320028072537166	0.0434352830530266
42	NUP62CL	0	153	0.00343642611683849	119	0.422649731	0	0.00595206463082088
43	PCSK1N	0.149603174603175	17	0.295108695652174	20	0.284338941	0.0356414601416379	0.174816775537852
44	PDHA1	0.524790236460717	20	0.45	21	0.351086421	0.105296316867963	0.05
45	PIGA	0.42683132342602	87	0.406091141389243	45	0.690676866	0.0763844845842144	0.0232460024121085
46	PIN4	0.27961943853449	100	0.385185185185185	75	0.199685395	0.040645861201319	0.09958762710925
47	POLA1	0.271855220391173	141	0.342983984222699	165	0.141049635	0.0194798629783963	0.0545229395485671
48	PUDP	0.40176169779453	147	0.445066915655151	118	0.193999844	0.0401353517057037	0.0168153659000811
49	RBM3	0.392176382047072	74	0.465038011371907	108	0.365097601	0.0871455178384662	0.0877037465067704
50	RBM41	0.275164928493971	20	0.36445636077602	18	0.41729954	0.0752180202116858	0.135640982516592
51	RPL39	0.328133214322192	20	0.427313965616158	20	0.354830599	0.110924424769722	0.0970465658510168
52	RPS4X	0.479799105655233	1463	0.512260137713699	1405	0.052641026	0.00806413295310975	0.0159790610693443
53	RTL8A	0.0667573696145125	81	0.165006868131868	69	0.036699273	0.0168846406117996	0.040312994234503
54	RTL8B	0	17	0.0984848484848485	17	0.328682887	0	0.133169665388234
55	SH3BGRL	0.0392813535670679	53	0.0344827586206897	34	0.906593072	0.0242755939191509	0.0597258899161682
56	SHROOM2	0.310109959170865	158	0.344412570918595	105	0.59137741	0.0738938547290787	0.0702320255869808
57	SLC25A43	0.208760938038638	82	0.415638112920433	84	0.025922332	0.0605646714774597	0.00994901729005842
58	SMC1A	0.507315541940469	457	0.519296728122225	434	0.541866222	0.00159080607950823	0.028458445179527
59	SMIM10L2A	0.331743806875496	258	0.343713179581438	148	0.1985914315	0.0218967496842496	0.0355756391120503
60	STS	0.489572231213569	47	0.508770939205722	27	0.816120576	0.111246194258115	0.0719131391756889
61	SYAP1	0.324466142732397	86	0.385633436005309	94	0.20213254	0.0579281592470535	0.0288279263896304
62	TAF1	0.202282478851264	118	0.262988438744778	113	0.233149352	0.0450088341300238	0.05877880021937
63	TBC1D25	0.365873908283953	132	0.474994644994645	106	0.001000653	0.0157361247670962	0.0152771625120588
64	TBL1X	0.408418367346939	54	0.456193853427896	44	0.559204222	0.0259189197273614	0.118193491317994
65	TCEAL4	0.0812812695434647	52	0.195959595959596	30	0.200299697	0.0109600161064142	0.105858393091042
66	TFE3	0.192043549768537	73	0.357027567529276	68	0.02344665	0.01035923088787	0.048444541062745
67	TMSB4X	0.371509971509972	40	0.430081300813008	32	0.327304112	0.067544804616467	0.0607475409535696
68	TRMT2B	0.199055234287618	39	0.260912698412698	41	0.207253803	0.0434940595830942	0.0555020292030284
69	TSPAN6	0.246520047412905	195	0.377606050450283	172	0.008930656	0.0193243197911266	0.0342103291969503
70	TXLNG	0.45586953610858	256	0.499963445960317	212	0.320189826	0.0277989053953621	0.0491563157289139
71	UBL4A	0.374452582326895	165	0.435988085519721	195	0.103233992	0.00247133147687425	0.0373238635285161
72	UPF3B	0.358184083922608	47	0.429120941163624	48	0.299938249	0.0442833880197987	0.0667342496303605
73	UXT	0.422542419789965	28	0.473829687701639	28	0.526382674	0.0984579554469702	0.0300622671809343
74	VMA21	0.203800988679276	194	0.253705267793806	202	0.133585659	0.0224649988986126	0.0284337163497565
75	WDR44	0.225801169590643	120	0.400556829348182	101	0.005280367	0.00888664175966633	0.0287462658232357
76	XIST	0.0124594640723673	114	0.0149528410397976	81	0.825795357	0.0111516615285336	0.014514646012742
77	ZBTB33	0.147924604446344	88	0.371047540239217	112	0.008164129	0.0263579206678105	0.0535673576449987
78	ZDHHC9	0.312642478948088	259	0.397090583035589	265	0.031598762	0.0295509792758836	0.00778175907704596
79	ZFX	0.462564102564103	25	0.448412698412698	19	0.885855526	0.146931802667457	0.045070701157145
80	ZNF280C	0.150307426663608	30	0.308956509276631	38	0.026180414	0.0113148710046875	0.0447334120262773
81	ZNF75D	0.526573066805514	60	0.521543342837103	43	0.507780044	0.0607790611608758	0.0774167365892284
82	ZNF81	0.37973137973138	24	0.432595403752899	21	0.558875	0.130568654896879	0.0297496343925168
